mean_scale_X,std_scale_X
5.933847850055127,2.790666217834762
8.50231532524807,2.357886935890756
8.462183020948181,2.3840181024269893
0.2518853362734289,0.10336497285337783
